Book Id,Title,Author,Author l-f,Additional Authors,ISBN,ISBN13,My Rating,Publisher,Binding,Number of Pages,Year Published,Original Publication Year,Date Read,Date Added,Bookshelves,Bookshelves with positions,Exclusive Shelf,My Review,Spoiler,Private Notes,Read Count,Owned Copies
199605487,The Faculty Lounge,Jennifer Mathieu,"Mathieu, Jennifer",,"=""0593475399""","=""9780593475393""",5,Dutton,Hardcover,304,2024,2024,2024/08/08,2024/07/23,,,read,,,,1,0
51642969,All the Lonely People,Mike Gayle,"Gayle, Mike",,"=""1473687403""","=""9781473687400""",4,Hodder & Stoughton,Kindle Edition,430,2020,2020,2024/08/06,2024/08/04,,,read,,,,1,0
54373691,"Tales from the Cafe (Before the Coffee Gets Cold, #2)",Toshikazu Kawaguchi,"Kawaguchi, Toshikazu",Geoffrey Trousselot,"=""1529050863""","=""9781529050868""",5,Picador,Paperback,192,2020,2017,2024/10/13,2024/09/15,,,read,,,,1,0
60224365,"Before Your Memory Fades (Before the Coffee Gets Cold, #3)",Toshikazu Kawaguchi,"Kawaguchi, Toshikazu",Geoffrey Trousselot,"=""0369722698""","=""9780369722690""",5,Hanover Square Press,ebook,220,2022,2018,2024/10/21,2024/09/15,,,read,,,,1,0
36337550,The 7½ Deaths of Evelyn Hardcastle,Stuart Turton,"Turton, Stuart",,"=""""","=""""",4,Sourcebooks Landmark,Hardcover,432,2018,2018,2026/01/27,2026/01/27,,,read,,,,1,0
32051912,The Alice Network,Kate Quinn,"Quinn, Kate",,"=""0062654195""","=""9780062654199""",4,William Morrow Paperbacks,Paperback,503,2017,2017,2026/04/18,2026/03/29,,,read,,,,1,0
45023611,The Roommate (Shameless #1),Rosie Danan,"Danan, Rosie",,"=""059310160X""","=""9780593101605""",3,Berkley,Paperback,325,2020,2020,2026/03/25,2026/03/25,,,read,,,,1,0
223436601,"Careless People: A Cautionary Tale of Power, Greed, and Lost Idealism",Sarah Wynn-Williams,"Wynn-Williams, Sarah",,"=""1250391237""","=""9781250391230""",4,Flatiron Books,Hardcover,382,2025,2025,2026/02/28,2026/02/17,,,read,,,,1,0
35297426,Then She Was Gone,Lisa Jewell,"Jewell, Lisa",,"=""1501154648""","=""9781501154645""",5,Atria Books,Paperback,359,2018,2017,2026/02/16,2026/01/28,,,read,,,,1,0
23168277,"The Sympathizer (The Sympathizer, #1)",Viet Thanh Nguyen,"Nguyen, Viet Thanh",,"=""0802123457""","=""9780802123459""",4,Grove Press,Hardcover,384,2015,2015,2026/02/14,2026/01/28,,,read,,,,1,0
123857637,Never Split the Difference: Negotiating as if Your Life Depended on It,Chris Voss,"Voss, Chris",Tahl Raz,"=""1847941494""","=""9781847941497""",0,Random House Business,Paperback,274,2023,2016,,2026/02/09,to-read,to-read (#27),to-read,,,,0,0
36348525,Severance,Ling  Ma,"Ma, Ling",,"=""0374261598""","=""9780374261597""",0,"Farrar, Straus and Giroux",Hardcover,291,2018,2018,,2026/01/28,to-read,to-read (#26),to-read,,,,0,0
59344312,Verity,Colleen Hoover,"Hoover, Colleen",,"=""153872474X""","=""9781538724743""",3,Grand Central Publishing,ebook,336,2021,2018,2026/01/14,2026/01/09,,,read,,,,1,0
54502643,Billion Dollar Loser: The Epic Rise and Spectacular Fall of Adam Neumann and WeWork,Reeves  Wiedeman,"Wiedeman, Reeves",,"=""0316461369""","=""9780316461368""",0,"Little, Brown and Company",Hardcover,352,2020,2020,,2026/01/24,to-read,to-read (#25),to-read,,,,0,0
37976541,Bad Blood: Secrets and Lies in a Silicon Valley Startup,John Carreyrou,"Carreyrou, John",,"=""""","=""""",5,Knopf,Hardcover,339,2018,2018,2026/01/24,2026/01/23,,,read,,,,1,0
205363984,Taiwan Travelogue,Yáng Shuāng-zǐ,"Shuāng-zǐ, Yáng","楊双子, Lin King","=""1644453150""","=""9781644453155""",4,Graywolf Press,Paperback,298,2024,2020,2026/01/22,2025/05/15,,,read,,,,1,0
180357146,The Covenant of Water,Abraham   Verghese,"Verghese, Abraham",,"=""0802162177""","=""9780802162175""",0,Grove Press,Paperback,715,2025,2023,,2025/10/01,to-read,to-read (#24),to-read,,,,1,0
37570546,"Maybe You Should Talk to Someone: A Therapist, Her Therapist, and Our Lives Revealed",Lori Gottlieb,"Gottlieb, Lori",,"=""1328662055""","=""9781328662057""",4,Harper,Hardcover,415,2019,2019,2025/09/22,2025/06/20,,,read,,,,1,0
171681821,The Anxious Generation: How the Great Rewiring of Childhood Caused an Epidemic of Mental Illness,Jonathan Haidt,"Haidt, Jonathan",,"=""0593655036""","=""9780593655030""",4,Penguin Press,Hardcover,400,2024,2024,2025/08/06,2024/12/18,,,read,,,,1,0
214312329,What Does It Feel Like?,Sophie Kinsella,"Kinsella, Sophie",,"=""0593977564""","=""9780593977569""",4,The Dial Press,Hardcover,133,2024,2024,2025/06/20,2025/06/15,,,read,,,,1,0
199700434,The God of the Woods,Liz    Moore,"Moore, Liz",,"=""0593418913""","=""9780593418918""",4,Riverhead Books,Hardcover,478,2024,2024,2025/06/08,2024/12/08,,,read,,,,1,0
6334,Never Let Me Go,Kazuo Ishiguro,"Ishiguro, Kazuo",,"=""1400078776""","=""9781400078776""",0,Vintage Books ,Paperback,288,2010,2005,,2025/05/31,to-read,to-read (#23),to-read,,,,0,0
123429195,That's Not My Name,Megan Lally,"Lally, Megan",,"=""1728270111""","=""9781728270111""",5,Sourcebooks Fire,Paperback,297,2023,2023,2025/05/25,2025/05/24,,,read,,,,1,0
208516656,Here One Moment,Liane Moriarty,"Moriarty, Liane",,"=""0593798600""","=""9780593798607""",4,Crown,Hardcover,512,2024,2024,2025/05/24,2025/05/22,,,read,,,,1,0
62334530,None of This Is True,Lisa Jewell,"Jewell, Lisa",,"=""1982179007""","=""9781982179007""",0,Atria Books,Hardcover,390,2023,2023,,2025/05/22,to-read,to-read (#22),to-read,,,,0,0
60164470,The Overnight Guest,Heather Gudenkauf,"Gudenkauf, Heather",,"=""0778311937""","=""9780778311935""",5,Park Row,Paperback,316,2022,2022,2025/05/22,2024/08/24,,,read,,,,1,0
25899336,When Breath Becomes Air,Paul Kalanithi,"Kalanithi, Paul",Abraham   Verghese,"=""0812988418""","=""9780812988413""",5,Random House,Kindle Edition,208,2016,2016,2025/05/19,2024/07/30,,,read,,,,1,0
65678550,The Heaven & Earth Grocery Store,James   McBride,"McBride, James",,"=""0593422945""","=""9780593422946""",0,Riverhead Books,Hardcover,400,2023,2023,,2025/05/16,to-read,to-read (#21),to-read,,,,0,0
203469691,Yeonnam-dong's Smiley Laundromat,Kim Jiyun,"Jiyun, Kim",Shanna Tan,"=""1529437431""","=""9781529437430""",5,MacLehose Press,Kindle Edition,320,2024,2023,2025/05/15,2025/03/04,,,read,,,,1,0
61272658,"Murder Your Employer (The McMasters Guide to Homicide, #1)",Rupert Holmes,"Holmes, Rupert",,"=""1451648219""","=""9781451648218""",0,Avid Reader Press / Simon & Schuster,Hardcover,400,2023,2023,,2025/03/06,to-read,to-read (#20),to-read,,,,0,0
54110592,How Do You Live?,Genzaburo Yoshino,"Yoshino, Genzaburo","Neil Gaiman, Bruno Navasky","=""1616209771""","=""9781616209773""",0,"Little, Brown Books for Young Readers",Hardcover,288,2021,1937,,2025/03/02,to-read,to-read (#19),to-read,,,,0,0
133938826,Welcome to the Hyunam-Dong Bookshop,Hwang Bo-Reum,"Bo-Reum, Hwang",Shanna Tan,"=""""","=""""",4,Bloomsbury Publishing,Hardcover,307,2024,2022,2025/02/26,2024/12/08,,,read,,,,1,0
202102049,Mina's Matchbox,Yōko Ogawa,"Ogawa, Yōko",Stephen    Snyder,"=""0593316088""","=""9780593316085""",3,Pantheon,Hardcover,282,2024,2006,2025/02/08,2025/01/24,,,read,,,,1,0
58214328,What My Bones Know,Stephanie Foo,"Foo, Stephanie",,"=""0593238109""","=""9780593238103""",5,Ballantine Books,Hardcover,352,2022,2022,2025/01/17,2024/11/13,,,read,,,,1,0
31395589,Notes of a Crocodile,Qiu Miaojin,"Miaojin, Qiu",Bonnie Huie,"=""168137076X""","=""9781681370767""",0,NYRB Classics,Paperback,242,2017,1994,,2025/01/15,to-read,to-read (#18),to-read,,,,0,0
33376821,Sweet Bean Paste,Durian Sukegawa,"Sukegawa, Durian",Alison  Watts,"=""1786071959""","=""9781786071958""",4,Oneworld Publications,Paperback,224,2017,2013,2025/01/15,2025/01/09,,,read,,,,1,0
29924756,This Is Me Letting You Go,Heidi Priebe,"Priebe, Heidi",,"=""""","=""""",0,Thought Catalog Books,Kindle Edition,120,2016,2016,,2025/01/13,to-read,to-read (#17),to-read,,,,0,0
31522415,What It Means When a Man Falls from the Sky,Lesley Nneka Arimah,"Arimah, Lesley Nneka",,"=""0735211027""","=""9780735211025""",3,Riverhead Books,Hardcover,232,2017,2017,2025/01/08,2025/01/07,,,read,,,,1,0
200998630,"Before We Forget Kindness (Before the Coffee Gets Cold, #5)",Toshikazu Kawaguchi,"Kawaguchi, Toshikazu",Geoffrey Trousselot,"=""1035046245""","=""9781035046249""",5,Picador,Hardcover,224,2024,2023,2024/12/20,2024/09/15,,,read,,,,1,0
197363973,I Want to Die but I Still Want to Eat Tteokbokki: Further Conversations with My Psychiatrist,Baek Se-hee,"Se-hee, Baek",,"=""1639732306""","=""9781639732302""",4,Bloomsbury Publishing,Hardcover,224,2024,2019,2024/12/16,2024/07/23,,,read,,,,1,0
40961230,The Travelling Cat Chronicles,Hiro Arikawa,"Arikawa, Hiro",Philip Gabriel,"=""0735235244""","=""9780735235243""",5,Viking,Kindle Edition,281,2018,2012,2024/12/12,2024/12/11,,,read,,,,1,0
61391814,Murder in Postscript (Lady of Letters #1),Mary  Winters,"Winters, Mary",,"=""0593548760""","=""9780593548769""",3,Berkley,Paperback,320,2023,2023,2024/12/10,2024/12/08,,,read,,,,1,0
208931300,Intermezzo,Sally Rooney,"Rooney, Sally",,"=""0374602638""","=""9780374602635""",0,"Farrar, Straus and Giroux",Hardcover,464,2024,2024,,2024/12/08,to-read,to-read (#16),to-read,,,,0,0
198902277,The Wedding People,Alison Espach,"Espach, Alison",,"=""""","=""""",0,Henry Holt and Company,Hardcover,367,2024,2024,,2024/12/08,to-read,to-read (#15),to-read,,,,0,0
35133922,Educated,Tara Westover,"Westover, Tara",,"=""0399590501""","=""9780399590504""",4,Random House,Hardcover,352,2018,2018,2024/12/07,2024/11/05,,,read,,,,1,0
50279680,We Begin at the End,Chris  Whitaker,"Whitaker, Chris",,"=""1250759668""","=""9781250759665""",0,Henry Holt and Co.,Hardcover,384,2021,2020,,2024/08/26,to-read,to-read (#14),to-read,,,,1,0
6882,Papillon,Henri Charrière,"Charrière, Henri",,"=""0061120669""","=""9780061120664""",0,William Morrow Paperbacks,Paperback,544,2006,1969,,2024/11/30,to-read,to-read (#13),to-read,,,,0,0
101438,Skunk Works: A Personal Memoir of My Years at Lockheed,Ben R. Rich,"Rich, Ben R.",Leo Janos,"=""""","=""""",0,"Back Bay Books/Little, Brown & Co. (NY)",Paperback,382,1996,1994,,2024/11/15,to-read,to-read (#12),to-read,,,,0,0
198281740,The Life Impossible,Matt Haig,"Haig, Matt",,"=""0593489276""","=""9780593489277""",3,Viking,Hardcover,324,2024,2024,2024/11/11,2024/11/07,,,read,,,,1,0
18373,Flowers for Algernon,Daniel Keyes,"Keyes, Daniel",,"=""015603008X""","=""9780156030083""",0,Harvest Books,Paperback,311,2004,1966,,2024/11/05,to-read,to-read (#11),to-read,,,,0,0
195820807,"Just for the Summer (Part of Your World, #3)",Abby Jimenez,"Jimenez, Abby",,"=""1538704439""","=""9781538704431""",4,Forever,Paperback,432,2024,2024,2024/11/01,2024/01/05,,,read,,,,1,0
201072367,Goodnight Tokyo,Atsuhiro Yoshida,"Yoshida, Atsuhiro",Haydn Trowell,"=""""","=""9798889660279""",4,Europa Editions,Paperback,175,2024,2018,2024/10/31,2024/10/24,,,read,,,,1,0
44421460,"Before the Coffee Gets Cold (Before the Coffee Gets Cold, #1)",Toshikazu Kawaguchi,"Kawaguchi, Toshikazu",Geoffrey Trousselot,"=""1529029589""","=""9781529029581""",5,Picador,Paperback,213,2019,2015,2024/10/18,2024/09/15,,,read,,,,1,0
173754979,James,Percival Everett,"Everett, Percival",,"=""0385550367""","=""9780385550369""",4,Knopf Doubleday,Hardcover,303,2024,2024,2024/10/16,2024/07/23,,,read,,,,1,0
127976148,The Funeral Cryer,Wenyan Lu,"Lu, Wenyan",,"=""1335016937""","=""9781335016935""",3,Hanover Square Press,Hardcover,336,2024,,2024/10/03,2024/10/02,,,read,,,,1,0
66269953,"Before We Say Goodbye (Before the Coffee Gets Cold, #4)",Toshikazu Kawaguchi,"Kawaguchi, Toshikazu",Geoffrey Trousselot,"=""0369747305""","=""9780369747303""",5,Hanover Square Press,ebook,173,2023,2021,2024/09/15,2024/09/15,,,read,,,,1,0
173404023,A Love Song for Ricki Wilde,Tia Williams,"Williams, Tia",,"=""153872670X""","=""9781538726709""",4,Grand Central Publishing,Hardcover,339,2024,2024,2024/09/14,2024/08/14,,,read,,,,1,0
75696183,Hold My Girl,Charlene Carr,"Carr, Charlene",,"=""1728270413""","=""9781728270418""",3,Sourcebooks Landmark,Hardcover,400,2023,2023,2024/09/10,2024/09/10,,,read,,,,1,0
199534613,Margo's Got Money Troubles,Rufi Thorpe,"Thorpe, Rufi",,"=""0063356589""","=""9780063356580""",0,William Morrow,Hardcover,304,2024,2024,,2024/08/26,to-read,to-read (#10),to-read,,,,0,0
127975602,Everyone Is Watching,Heather Gudenkauf,"Gudenkauf, Heather",,"=""0778310795""","=""9780778310792""",4,Park Row,Paperback,320,2024,2024,2024/08/25,2024/08/24,,,read,,,,1,0
200987323,I Hope This Finds You Well,Natalie Sue,"Sue, Natalie",,"=""0063320363""","=""9780063320369""",4,William Morrow,Hardcover,338,2024,2024,2024/08/23,2024/06/13,,,read,,,,1,0
127305853,The Women,Kristin Hannah,"Hannah, Kristin",,"=""1250178630""","=""9781250178633""",5,St. Martin's Press,Hardcover,471,2024,2024,2024/08/16,2024/08/13,,,read,,,,1,0
57390604,As Long as the Lemon Trees Grow,Zoulfa Katouh,"Katouh, Zoulfa",,"=""0316351377""","=""9780316351379""",0,"Little, Brown Books for Young Readers",Hardcover,417,2022,2022,,2024/08/14,to-read,to-read (#9),to-read,,,,0,0
194802722,Funny Story,Emily Henry,"Henry, Emily",,"=""""","=""""",5,Berkley,Kindle Edition,395,2024,2024,2024/08/02,2024/01/05,,,read,,,,1,0
22557272,The Girl on the Train,Paula Hawkins,"Hawkins, Paula",,"=""1594633665""","=""9781594633669""",5,Riverhead Books,Hardcover,336,2015,2015,2024/07/27,2024/07/23,,,read,,,,1,0
195430687,Blue Sisters,Coco Mellors,"Mellors, Coco",,"=""0593723767""","=""9780593723760""",0,Ballantine Books,Hardcover,352,2024,2024,,2024/07/23,to-read,to-read (#8),to-read,,,,0,0
53137974,The Good Sister,Sally Hepworth,"Hepworth, Sally",,"=""1250120950""","=""9781250120953""",4,St. Martin's Press,Hardcover,309,2021,2020,2024/07/23,2024/07/14,,,read,,,,1,0
39333677,If You're Out There,Katy Loutzenhiser,"Loutzenhiser, Katy",,"=""0062865692""","=""9780062865694""",4,Balzer + Bray,Kindle Edition,308,2019,2019,2024/07/12,2024/07/10,,,read,,,,1,0
69704979,The Fatal Folio (Cambridge Bookshop #3),Elizabeth Penney,"Penney, Elizabeth",,"=""1250787750""","=""9781250787750""",3,St. Martin's Paperbacks,Kindle Edition,320,2023,2023,2024/07/04,2024/07/02,,,read,,,,1,0
61884844,Bad Summer People,Emma Rosenblum,"Rosenblum, Emma",,"=""1250887003""","=""9781250887009""",4,Flatiron Books,Hardcover,272,2023,2023,2024/07/01,2024/02/27,,,read,,,,1,0
65650229,Wellness,Nathan  Hill,"Hill, Nathan",,"=""0593536118""","=""9780593536117""",5,Knopf,Hardcover,611,2023,2023,2024/06/17,2024/03/18,,,read,,,,1,0
51168664,Where the Wild Ladies Are,Aoko Matsuda,"Matsuda, Aoko",Polly Barton,"=""1593766904""","=""9781593766900""",0,Soft Skull,Paperback,288,2020,2016,,2024/06/13,to-read,to-read (#7),to-read,,,,0,0
96177629,Good Material,Dolly Alderton,"Alderton, Dolly",,"=""0241523672""","=""9780241523674""",4,Fig Tree,Paperback,345,2023,2023,2024/05/23,2024/02/02,,,read,,,,1,0
123036004,The Berry Pickers,Amanda    Peters,"Peters, Amanda",,"=""1646221958""","=""9781646221950""",5,Catapult,Hardcover,307,2023,2023,2024/05/10,2024/01/14,,,read,,,,1,0
58662236,Small Things Like These,Claire Keegan,"Keegan, Claire",,"=""0802158749""","=""9780802158741""",4,Grove Press,Hardcover,118,2021,2021,2024/04/30,2024/02/29,,,read,,,,1,0
40538657,The Island of Sea Women,Lisa See,"See, Lisa",,"=""""","=""""",5,Scribner,Hardcover,374,2019,2019,2024/04/27,2024/02/29,,,read,,,,1,0
60784605,Maame,Jessica George,"George, Jessica",,"=""""","=""""",5,St. Martin's Press,Hardcover,320,2023,2023,2024/04/09,2024/03/18,,,read,,,,1,0
63094957,The Rachel Incident,Caroline O'Donoghue,"O'Donoghue, Caroline",,"=""0593535707""","=""9780593535707""",3,Knopf,Hardcover,304,2023,2023,2024/04/05,2024/02/29,,,read,,,,1,0
61964751,The Secret Book of Flora Lea,Patti Callahan Henry,"Henry, Patti Callahan",,"=""1668011832""","=""9781668011836""",4,Atria Books,Hardcover,355,2023,2023,2024/03/25,2024/03/15,,,read,,,,1,0
112976344,The Good Part,Sophie Cousens,"Cousens, Sophie",,"=""0593539893""","=""9780593539897""",0,G.P. Putnam's Sons,Paperback,351,2023,2023,,2024/03/18,to-read,to-read (#6),to-read,,,,0,0
142601047,They Called Us Exceptional: And Other Lies That Raised Us,Prachi   Gupta,"Gupta, Prachi",,"=""0593442989""","=""9780593442982""",4,Crown,Hardcover,288,2023,2023,2024/03/14,2024/01/02,,,read,,,,1,0
60196684,No Two Persons,Erica Bauermeister,"Bauermeister, Erica",,"=""1250284376""","=""9781250284372""",4,St Martin's Press,Hardcover,314,2023,2023,2024/03/04,2024/01/14,,,read,,,,1,0
60654349,Weyward,Emilia Hart,"Hart, Emilia",,"=""125028080X""","=""9781250280800""",5,St. Martin's Press,Hardcover,329,2023,2023,2024/02/29,2024/02/28,,,read,,,,1,0
41715227,Evidence of the Affair,Taylor Jenkins Reid,"Reid, Taylor Jenkins",,"=""1542044510""","=""9781542044516""",0,Amazon Original Stories,Kindle Edition,88,2018,2018,,2024/02/27,to-read,to-read (#5),to-read,,,,0,0
40597810,Daisy Jones & The Six,Taylor Jenkins Reid,"Reid, Taylor Jenkins",,"=""1524798622""","=""9781524798628""",5,Ballantine Books,Hardcover,368,2019,2019,2024/02/27,2024/01/19,,,read,,,,1,0
63241104,Tom Lake,Ann Patchett,"Patchett, Ann",,"=""006332752X""","=""9780063327528""",3,Harper,Hardcover,320,2023,2023,2024/02/26,2024/01/02,,,read,,,,1,0
59836844,Iona Iverson's Rules for Commuting,Clare Pooley,"Pooley, Clare",,"=""1984878646""","=""9781984878649""",5,Pamela Dorman Books,Hardcover,342,2022,2022,2024/02/20,2024/02/02,,,read,,,,1,0
853510,"Murder on the Orient Express (Hercule Poirot, #10)",Agatha Christie,"Christie, Agatha",,"=""0007119313""","=""9780007119318""",5,HarperCollins,Paperback,274,2007,1934,2024/02/19,2024/02/19,,,read,,,,1,0
35900387,Eleanor Oliphant Is Completely Fine,Gail Honeyman,"Honeyman, Gail",,"=""0008172145""","=""9780008172145""",4,HarperCollins GB,Paperback,390,2018,2017,2024/02/14,2024/01/17,,,read,,,,1,0
60435878,Carrie Soto Is Back,Taylor Jenkins Reid,"Reid, Taylor Jenkins",,"=""0593158687""","=""9780593158685""",5,Ballantine Books,Hardcover,384,2022,2022,2024/02/07,2024/01/19,,,read,,,,1,0
54798488,The One Hundred Years of Lenni and Margot,Marianne Cronin,"Cronin, Marianne",,"=""0063017504""","=""9780063017504""",4,Harper Perennial,Paperback,322,2021,2021,2024/02/02,2024/01/17,,,read,,,,1,0
36809135,Where the Crawdads Sing,Delia Owens,"Owens, Delia",,"=""0735219117""","=""9780735219113""",0,G.P. Putnam’s Sons,ebook,384,2018,2018,,2024/02/02,to-read,to-read (#4),to-read,,,,0,0
34051011,Pachinko,Min Jin Lee,"Lee, Min Jin",,"=""""","=""""",5,Grand Central Publishing,Kindle Edition,496,2017,2017,2024/01/29,2024/01/17,,,read,,,,1,0
75593884,The Museum of Failures,Thrity Umrigar,"Umrigar, Thrity",,"=""164375355X""","=""9781643753553""",5,Algonquin Books,Hardcover,358,2023,2023,2024/01/23,2024/01/14,,,read,,,,1,0
71603823,Oil Paper Family,Melanie Kim,"Kim, Melanie",,"=""1637308043""","=""9781637308042""",0,New Degree Press,Paperback,390,2022,,,2024/01/21,to-read,to-read (#3),to-read,,,,0,0
55404546,Malibu Rising,Taylor Jenkins Reid,"Reid, Taylor Jenkins",,"=""1524798657""","=""9781524798659""",4,Ballantine Books,Hardcover,369,2021,2021,2024/01/19,2024/01/05,,,read,,,,1,0
49228706,I Want to Die But I Want to Eat Tteokpokki,Baek Se-hee,"Se-hee, Baek",Hyacinta Louisa,"=""6237351035""","=""9786237351030""",4,Penerbit Haru,Paperback,232,2019,2018,2023/12/01,2024/01/05,,,read,,,,1,0
54814676,Crying in H Mart,Michelle Zauner,"Zauner, Michelle",,"=""0525657746""","=""9780525657743""",4,Knopf,Hardcover,256,2021,2021,2024/01/17,2024/01/05,,,read,,,,1,0
33590210,An American Marriage,Tayari Jones,"Jones, Tayari",,"=""1616201347""","=""9781616201340""",0,Algonquin Books,Hardcover,308,2018,2018,,2024/01/17,to-read,to-read (#2),to-read,,,,0,0
126423172,Familia,Lauren E. Rico,"Rico, Lauren E.",,"=""1496744640""","=""9781496744647""",5,Kensington,Paperback,320,2023,2023,2024/01/12,2024/01/02,,,read,,,,1,0
62365905,We Could Be So Good,Cat Sebastian,"Sebastian, Cat",,"=""0063272768""","=""9780063272767""",3,Avon,Paperback,384,2023,2023,2024/01/11,2024/01/08,,,read,,,,1,0
61214136,The Collected Regrets of Clover,Mikki Brammer,"Brammer, Mikki",,"=""1250284392""","=""9781250284396""",5,St Martin's Press,Hardcover,320,2023,2023,2024/01/07,2024/01/02,,,read,,,,1,0
62047984,Yellowface,R.F. Kuang,"Kuang, R.F.",,"=""""","=""""",5,William Morrow,Paperback,319,2023,2023,2023/12/01,2024/01/02,,,read,,,,1,0
61718053,Happy Place,Emily Henry,"Henry, Emily",,"=""0593441273""","=""9780593441275""",5,Berkley,Hardcover,400,2023,2023,2023/12/01,2024/01/02,,,read,,,,1,0
62926992,The Wishing Game,Meg Shaffer,"Shaffer, Meg",,"=""0593598830""","=""9780593598832""",4,Ballantine Books,Hardcover,278,2023,2023,2023/12/01,2024/01/02,,,read,,,,1,0
62049729,The Celebrants,Steven  Rowley,"Rowley, Steven",,"=""0593540425""","=""9780593540428""",4,G.P. Putnam's Sons,Hardcover,320,2023,2023,2023/12/01,2024/01/02,,,read,,,,1,0
59366244,I'm Glad My Mom Died,Jennette McCurdy,"McCurdy, Jennette",,"=""1982185821""","=""9781982185824""",5,Simon & Schuster,Hardcover,304,2022,2022,2023/12/01,2024/01/03,,,read,,,,1,0
59089704,This Time Tomorrow,Emma Straub,"Straub, Emma",,"=""052553900X""","=""9780525539001""",5,Riverhead Books,Hardcover,310,2022,2022,2023/12/01,2024/01/03,,,read,,,,1,0
58468990,The Paris Apartment,Lucy Foley,"Foley, Lucy",,"=""0063003058""","=""9780063003057""",5,William Morrow,Hardcover,360,2022,2022,2023/12/01,2024/01/03,,,read,,,,1,0
54985743,People We Meet on Vacation,Emily Henry,"Henry, Emily",,"=""1984806750""","=""9781984806758""",3,"A Jove Book, Berkley",Paperback,361,2021,2021,2023/12/01,2024/01/03,,,read,,,,1,0
32620332,The Seven Husbands of Evelyn Hugo,Taylor Jenkins Reid,"Reid, Taylor Jenkins",,"=""1501139231""","=""9781501139239""",5,Atria Books,Hardcover,389,2017,2017,2023/12/01,2024/01/03,,,read,,,,1,0
40097951,The Silent Patient,Alex Michaelides,"Michaelides, Alex",,"=""1250301696""","=""9781250301697""",5,Celadon Books,Hardcover,336,2019,2019,2023/12/01,2024/01/03,,,read,,,,1,0
58784475,"Tomorrow, and Tomorrow, and Tomorrow",Gabrielle Zevin,"Zevin, Gabrielle",,"=""0735243344""","=""9780735243347""",5,Knopf,Hardcover,399,2022,2022,2023/12/01,2024/01/03,,,read,,,,1,0
58690308,Book Lovers,Emily Henry,"Henry, Emily",,"=""0593334833""","=""9780593334836""",5,Berkley,Paperback,377,2022,2022,2023/12/01,2024/01/03,,,read,,,,1,0
54911607,The Guest List,Lucy Foley,"Foley, Lucy",,"=""0062868934""","=""9780062868930""",4,William Morrow,Hardcover,313,2020,2020,2023/12/01,2024/01/03,,,read,,,,1,0
51791252,The Vanishing Half,Brit Bennett,"Bennett, Brit",,"=""0525536299""","=""9780525536291""",4,Riverhead Books,Hardcover,343,2020,2020,2023/12/01,2024/01/03,,,read,,,,1,0
52578297,"The Midnight Library (The Midnight World, #1)",Matt Haig,"Haig, Matt",,"=""0525559477""","=""9780525559474""",4,Viking,Hardcover,288,2020,2020,2023/12/01,2024/01/03,,,read,,,,1,0
49127718,Anxious People,Fredrik Backman,"Backman, Fredrik",Neil   Smith,"=""198216963X""","=""9781982169633""",5,Atria Publishing,Hardcover,336,2019,2019,2023/12/01,2024/01/03,,,read,,,,1,0
52867387,Beach Read,Emily Henry,"Henry, Emily",,"=""1984806734""","=""9781984806734""",5,Berkley,Paperback,358,2020,2020,2023/12/01,2024/01/03,,,read,,,,1,0
50623864,The Invisible Life of Addie LaRue,V.E. Schwab,"Schwab, V.E.",Victoria Schwab,"=""0765387565""","=""9780765387561""",5,Tor Books,Hardcover,448,2020,2020,2023/12/01,2024/01/05,,,read,,,,1,0
57238349,The Lost Apothecary,Sarah Penner,"Penner, Sarah",,"=""""","=""""",4,,Hardcover,301,2021,2021,2023/12/01,2024/01/05,,,read,,,,1,0
18774964,A Man Called Ove,Fredrik Backman,"Backman, Fredrik",Henning Koch,"=""1476738017""","=""9781476738017""",5,Atria Books,Hardcover,337,2014,2012,2023/12/01,2024/01/05,,,read,,,,1,0
9969571,"Ready Player One (Ready Player One, #1)",Ernest Cline,"Cline, Ernest",,"=""030788743X""","=""9780307887436""",3,Crown Publishers,Hardcover,480,2011,2011,2023/12/01,2024/01/05,,,read,,,,1,0
59336625,All the Lovers in the Night,Mieko Kawakami,"Kawakami, Mieko","Sam Bett, David  Boyd","=""1609456998""","=""9781609456993""",1,Europa Editions,Hardcover,224,2022,2011,2023/12/01,2024/01/05,,,read,,,,1,0
27406704,Britt-Marie Was Here,Fredrik Backman,"Backman, Fredrik",,"=""1501142534""","=""9781501142536""",4,Atria Books,Hardcover,324,2016,2014,2023/12/01,2024/01/05,,,read,,,,1,0
23604559,My Grandmother Asked Me to Tell You She's Sorry,Fredrik Backman,"Backman, Fredrik",Henning Koch,"=""1501115065""","=""9781501115066""",4,Atria Books,Hardcover,372,2015,2013,2023/12/01,2024/01/05,,,read,,,,1,0
59808607,The Book of Goose,Yiyun Li,"Li, Yiyun",,"=""037460634X""","=""9780374606343""",1,"Farrar, Straus and Giroux",Hardcover,348,2022,2022,2023/12/01,2024/01/05,,,read,,,,1,0
57925999,The Crane Wife: A Memoir in Essays,C.J. Hauser,"Hauser, C.J.",,"=""0385547072""","=""9780385547079""",4,Doubleday,Hardcover,320,2022,2022,2023/12/01,2024/01/05,,,read,,,,1,0
58536026,Cover Story,Susan Rigetti,"Rigetti, Susan",,"=""006307205X""","=""9780063072053""",5,William Morrow,Hardcover,368,2022,2022,2023/12/01,2024/01/05,,,read,,,,1,0
59576064,All This Could Be Different,Sarah Thankam Mathews,"Mathews, Sarah Thankam",,"=""0593489128""","=""9780593489123""",4,Viking,Hardcover,320,2022,2022,2023/12/01,2024/01/05,,,read,,,,1,0
62800971,Banyan Moon,Thao Thai,"Thai, Thao",,"=""0063267101""","=""9780063267107""",5,Mariner Books,Hardcover,336,2023,2023,2023/12/01,2024/01/05,,,read,,,,1,0
46041199,"Kim Jiyoung, Born 1982",Cho Nam-Joo,"Nam-Joo, Cho",Jamie Chang,"=""1631496700""","=""9781631496707""",5,Liveright,Hardcover,163,2020,2016,2023/12/01,2024/01/05,,,read,,,,1,0
18045891,Sharp Objects,Gillian Flynn,"Flynn, Gillian",,"=""0297851535""","=""9780297851530""",1,Broadway Paperbacks,Paperback,254,2007,2006,2023/12/01,2024/01/05,,,read,,,,1,0
58438631,Mouth to Mouth,Antoine Wilson,"Wilson, Antoine",,"=""198218180X""","=""9781982181802""",3,Avid Reader Press / Simon & Schuster,Hardcover,179,2022,2022,2023/12/01,2024/01/05,,,read,,,,1,0
28965131,Behind Her Eyes,Sarah Pinborough,"Pinborough, Sarah",,"=""125011117X""","=""9781250111173""",5,Flatiron Books,Hardcover,307,2017,2017,2023/12/01,2024/01/05,,,read,,,,1,0
25734248,"The Widow (Kate Waters, #1)",Fiona Barton,"Barton, Fiona",,"=""1101990260""","=""9781101990261""",3,Berkley,Hardcover,324,2016,2016,2023/12/01,2024/01/05,,,read,,,,1,0
122757697,Lest She Forget,Lisa Malice,"Malice, Lisa",,"=""0744307155""","=""9780744307153""",0,CamCat Books,Hardcover,368,2023,2023,,2024/01/02,to-read,to-read (#1),to-read,,,,0,0
