Title,Author,My_Review
The Alice Network,Kate Quinn,"Historical fiction about female spies in WWI, well-written tension"
The Roommate (Shameless #1),Rosie Danan,Just straight smut…
"Careless People: A Cautionary Tale of Power, Greed, and Lost Idealism",Sarah Wynn-Williams,Memoir exposing Facebook and its execs
Then She Was Gone,Lisa Jewell,"Thriller about a missing daughter that kept me on edge the whole time, very well-written characters"
"The Sympathizer (The Sympathizer, #1)",Viet Thanh Nguyen,"Historical fiction about a spy of the Vietnam war, meant to make you uncomfortable and achieved this easily"
The 7½ Deaths of Evelyn Hardcastle,Stuart Turton,"Thrilling murder mystery with multiple twists, finished in less than 1 day"
Bad Blood: Secrets and Lies in a Silicon Valley Startup,John Carreyrou,Written by the journalist who first exposed Elizabeth Holmes and Theranos! Super engaging and reads like a thriller.
Taiwan Travelogue,Yáng Shuāng-zǐ,Interesting peek into Taiwan under Japanese colonial rule + traditional Taiwanese food. Well-written characters and insight into power dynamics in relationships
Verity,Colleen Hoover,Will prob never read another Colleen Hoover book again…Thriller romance that is easy to skim
"Maybe You Should Talk to Someone: A Therapist, Her Therapist, and Our Lives Revealed",Lori Gottlieb,Memoir of a therapist who needs therapy herself. We learn about what it takes to transform our lives through her patients' stories and her own.
The Anxious Generation: How the Great Rewiring of Childhood Caused an Epidemic of Mental Illness,Jonathan Haidt,"Nonfiction research on how the rollback of play-based childhood and the rise of smart phones and internet access caused the current epidemic of mental illness of adolescents and teens. Interesting to note that I followed a lot of his suggestions: no smartphone until high school, no social media until 16, had time after elementary school to just run around and play in a friend's front yard"
What Does It Feel Like?,Sophie Kinsella,Autobiographical journal presented as fiction. Another glioblastoma diagnosis but with happier ending.
The God of the Woods,Liz    Moore,Historical fiction + thriller driven by the female characters.
That's Not My Name,Megan Lally,"Fast-paced, hair-raising thriller with an unexpected twist."
Here One Moment,Liane Moriarty,A psychic old lady who turns out not so psychic and the plane of passengers whose deaths she predicted.
The Overnight Guest,Heather Gudenkauf,Neatly packaged thriller with satisfying twists.
When Breath Becomes Air,Paul Kalanithi,Memoir of neurosurgeon diagnosed with stage 4 lung cancer at 40 when he's about to graduate residency. Beautiful writing (a bit too flowery for me) that makes you think about how to face death with integrity instead of fear.
Yeonnam-dong's Smiley Laundromat,Kim Jiyun,Warm and cozy stories about people helping each other and learning more about themselves in the process.
Welcome to the Hyunam-Dong Bookshop,Hwang Bo-Reum,Warm and comforting read about people taking small steps in pursuit of happiness.
Mina's Matchbox,Yōko Ogawa,"A bit odd…Like the title, felt like a match waiting to be lit but never is."
What My Bones Know,Stephanie Foo,Memoir about healing from complex-PTSD. Really well-written and structured.
Sweet Bean Paste,Durian Sukegawa,"""We were born in order to see and listen to the world."" Simple yet deep and charming character-driven story."
What It Means When a Man Falls from the Sky,Lesley Nneka Arimah,A bit creepy but intriguing short stories with strong Nigerian influence.
"Before We Forget Kindness (Before the Coffee Gets Cold, #5)",Toshikazu Kawaguchi,#5 in the Before the Coffee Gets Cold Series. Warm read as always.
I Want to Die but I Still Want to Eat Tteokbokki: Further Conversations with My Psychiatrist,Baek Se-hee,Sequel with similar issues but higher stakes. I thought the reflection essays were thoughtful and well-written.
The Travelling Cat Chronicles,Hiro Arikawa,"Surprisingly heartwarming, funny, and sentimental read from a very sassy cat's perspective."
Murder in Postscript (Lady of Letters #1),Mary  Winters,"Victorian England mystery, a times annoying and at times boring/unnecessarily convoluted. Only saving grace was the male love interest."
Educated,Tara Westover,"Listened as audiobook. Crazy life story, but generally frustrating to get through"
The Life Impossible,Matt Haig,"Skimmed most of it, couldn't get into the magic parts"
"Just for the Summer (Part of Your World, #3)",Abby Jimenez,Emily Henry-like romance. At times pretty funny but weaker emotions
Goodnight Tokyo,Atsuhiro Yoshida,12 interconnected short stories set in early morning Tokyo.
"Before Your Memory Fades (Before the Coffee Gets Cold, #3)",Toshikazu Kawaguchi,"#3 in the Before the Coffee Gets Cold Series. Main theme: If the world was ending tomorrow, would you choose happiness?"
"Before the Coffee Gets Cold (Before the Coffee Gets Cold, #1)",Toshikazu Kawaguchi,#1 in the series. Variety of stories that sets the stage for the future books.
James,Percival Everett,Adventures of Huckleberry Finn told from Jim's (James) perspective.
"Tales from the Cafe (Before the Coffee Gets Cold, #2)",Toshikazu Kawaguchi,#2 in the Before the Coffee Gets Cold Series. More background on the cafe staff. Less impactful customers.
The Funeral Cryer,Wenyan Lu,"Set in rural China with a pitiful, lonely, middle-aged woman who works as a funeral cryer."
"Before We Say Goodbye (Before the Coffee Gets Cold, #4)",Toshikazu Kawaguchi,#4 in the Before the Coffee Gets Cold series (ok to read out of order). Premise is one can go back in time but only for as long as it takes for coffee to get cold. This book was 4 short stories all about resolving regrets for not being able to say goodbye properly.
A Love Song for Ricki Wilde,Tia Williams,Romance with a little Harlem history and magic.
Hold My Girl,Charlene Carr,A unique premise of switched IVF embryos but hard to actually like any of the characters.
Everyone Is Watching,Heather Gudenkauf,Squid game-esque thriller.
I Hope This Finds You Well,Natalie Sue,Eleanor Oliphant-esque workplace drama. So-so character writing.
The Women,Kristin Hannah,"Historical fiction about a combat nurse who serves in the Vietnam War. Raw, gritty, heart-wrenching, exposes the ugly truths of war but also the unrivaled camaraderie and bravery of everyone who serves, tied together by the best writing I've read all year."
The Faculty Lounge,Jennifer Mathieu,"Funny, honest, and diverse cast of educators at a public Texas high school. Did not shy away from sensitive topics."
All the Lonely People,Mike Gayle,A Man Called Ove + Eleanor Oliphant twist set in Britain from perspective of a Jamaican immigrant.
Funny Story,Emily Henry,"Predictable romance plot and MCs, but the emotions were well written as usual."
The Girl on the Train,Paula Hawkins,"Thriller told from multiple perspectives, none of which you can trust. Couldn't put it down until the end."
The Good Sister,Sally Hepworth,"Twin sisters thriller, decent buildup of tension but a little bit obvious"
If You're Out There,Katy Loutzenhiser,Surprisingly decent mystery with a sprinkle of high school romance
The Fatal Folio (Cambridge Bookshop #3),Elizabeth Penney,Cozy murder mystery. Not really worth reading.
Bad Summer People,Emma Rosenblum,Rich people drama + a little murder mystery.
Wellness,Nathan  Hill,600 pages about 2 married people over time in nonchronological order. So much satire but also deeply sad and thought provoking.
Good Material,Dolly Alderton,"A deadbeat 35-year-old dude processing his breakup. Good writing, little to no cliches."
The Berry Pickers,Amanda    Peters,"How one horrible decision changes the lives of many. Well-written grief, anger, family, healing."
Small Things Like These,Claire Keegan,"Short, easy read. Set in Ireland so probably missed cultural/historical references."
The Island of Sea Women,Lisa See,Heart-wrenching historical fiction about the violent history of Jeju and haenyeo.
Maame,Jessica George,"Ghanian-British woman's coming of age. Deep, emotional, and funny at the right times."
The Rachel Incident,Caroline O'Donoghue,"Everybody's a hot mess, especially Rachel"
The Secret Book of Flora Lea,Patti Callahan Henry,"A little bit fairy tale, a little bit search for missing sister. Meh writing, I mainly just wanted to get to the end."
They Called Us Exceptional: And Other Lies That Raised Us,Prachi   Gupta,Intimate memoir of a dysfunctional Indian American family where author clearly has reflected a lot about the past
No Two Persons,Erica Bauermeister,"Satisfying, realistic, loved how each story was related to the others"
Weyward,Emilia Hart,"Brave, strong, alive, and a bit magical told through 3 generations"
Daisy Jones & The Six,Taylor Jenkins Reid,"Interesting interview format showing each person's ""truth"". Feel like it captures the messiness of rock and roll in the 70s."
Tom Lake,Ann Patchett,Mostly boring with hard to understand characters.
Iona Iverson's Rules for Commuting,Clare Pooley,Like-able cast of characters and storylines.
"Murder on the Orient Express (Hercule Poirot, #10)",Agatha Christie,"First audiobook, fun to listen to Poirot figure it out. Was the ending too easy?"
Eleanor Oliphant Is Completely Fine,Gail Honeyman,A gripping read but the conclusion was a bit weak.
Carrie Soto Is Back,Taylor Jenkins Reid,Strong protagonist who evolves beautifully and exciting tennis plot.
The One Hundred Years of Lenni and Margot,Marianne Cronin,Decent friendship story but felt a bit too fragmented to be fully immersed.
Pachinko,Min Jin Lee,"Historical fiction story of 4 generations of a Korean-Japanese family. Realistic, educational, and emotional."
The Museum of Failures,Thrity Umrigar,"Set in India. Heart wrenching family secret leading to the exploration of parent-child love, understanding, and forgiveness."
Malibu Rising,Taylor Jenkins Reid,Strong protagonist and ending but a bit difficult to become immersed.
Crying in H Mart,Michelle Zauner,"Deeply personal and honest anecdotes, but not a very cohesive memoir and some parts felt descriptive only for the sake of describing."
Familia,Lauren E. Rico,"Family, community, secrets, ""truth"", and the lengths people will go to protect them."
We Could Be So Good,Cat Sebastian,Very very sweet and fluffy grumpy/sunshine gay romance but written too much like fanfiction
The Collected Regrets of Clover,Mikki Brammer,"The secret to a beautiful death is living a beautiful life. Oddly fitting that my first book of the year is one supposedly about death but is actually about celebrating life. Writing is easy to read - heartfelt, warm, and relatable."
Beach Read,Emily Henry,Inspires a longing for a similarly gentle romance with someone who loves you back.
The Lost Apothecary,Sarah Penner,Mix of historical fiction and mystery
A Man Called Ove,Fredrik Backman,"Emotional, sentimental, and feel good story about finding things and people worth living for."
"Ready Player One (Ready Player One, #1)",Ernest Cline,Sword art online meets 1980's obsession.
All the Lovers in the Night,Mieko Kawakami,"If there was a message, it went over my head…"
Britt-Marie Was Here,Fredrik Backman,Comfortable read but almost too similar to A Man Called Ove.
My Grandmother Asked Me to Tell You She's Sorry,Fredrik Backman,"A powerful, complex story that comes to life."
The Book of Goose,Yiyun Li,Not a bad read but was confused throughout and after.
Behind Her Eyes,Sarah Pinborough,Unsettling thriller that kept me on my toes with an ending I could barely believe.
The Crane Wife: A Memoir in Essays,C.J. Hauser,"A memoir in essays - very honest look into the author's lives no matter how messy it was. The chapter ""The Crane Wife"" was unexpectedly relatable and put into words what I wasn't able to articulate during my breakup."
Cover Story,Susan Rigetti,Inventing Anna in story form. Felt like I held my breath the whole time only to scream at the ending. Spoiler: when she drives to her parents' house after drinking at the goodbye party
All This Could Be Different,Sarah Thankam Mathews,"Coming of age story touching on cultural expectations, gender, sexuality, and mental health. The writing is very raw, honest, and vivid."
Banyan Moon,Thao Thai,"Beautiful writing that explores motherhood, family, and forgiveness."
"Kim Jiyoung, Born 1982",Cho Nam-Joo,"Chilling, nightmarish social commentary on Korean misogyny, sexism, and patriarchy."
Sharp Objects,Gillian Flynn,Disturbing and gory thriller.
Mouth to Mouth,Antoine Wilson,Opportunity and self-delusion in the art world told from pov of a noticeably untrustworthy source.
The Invisible Life of Addie LaRue,V.E. Schwab,Dancing with the devil.
People We Meet on Vacation,Emily Henry,"Friends to lovers, veryyy slow burn, skim-read most of the book"
Anxious People,Fredrik Backman,Page turner centered around a bunch of idiots. Really fun to unravel the truth.
This Time Tomorrow,Emma Straub,"Time travel, written tenderly about being 16 and 40 at the same time"
I Want to Die But I Want to Eat Tteokpokki,Baek Se-hee,"Raw, honest but comforting memoir about the author's therapy sessions for depression."
Yellowface,R.F. Kuang,"Dark, thrilling satire with no one to root for."
Happy Place,Emily Henry,Her writing of the constant emotional push and pull had me crying for 50% of the book. I think it's the way her characters love each other so fiercely even after their breakup that moved me. Harriett as a people pleaser who never learned how to deal with conflict was almost too relatable…
The Wishing Game,Meg Shaffer,Wholesome and heartwarming. Made me feel like a kid again.
The Celebrants,Steven  Rowley,Celebrating life and lifelong friends.
I'm Glad My Mom Died,Jennette McCurdy,Most interesting memoir I've read so far. Honest but humorous so it doesn't feel too heavy.
The Paris Apartment,Lucy Foley,"Spooky and suspenseful, very fun to read."
"The Midnight Library (The Midnight World, #1)",Matt Haig,Choose to live. Predictable but good message.
The Seven Husbands of Evelyn Hugo,Taylor Jenkins Reid,"Marriage, sexuality, and unapologetically acting in one's self-interest."
The Silent Patient,Alex Michaelides,Intense psychological thriller with a shocking twist. Couldn't put the book down.
"Tomorrow, and Tomorrow, and Tomorrow",Gabrielle Zevin,"Really beautiful writing exploring both the fragility and tenacity of friendship, family, love, and life. Felt inexplicably vulnerable as the reader."
Book Lovers,Emily Henry,"Easy-to-read rom com with likeable, relatable characters."
The Guest List,Lucy Foley,Murder mystery/thriller that made me feel murderous the entire read (a compliment).
The Vanishing Half,Brit Bennett,"Thought-provoking story about race, gender, and identity."
"The Widow (Kate Waters, #1)",Fiona Barton,Mild thriller that was dark but not too dark and kind of unsatisfying ending.
